Product Type,MA,1D-RLE,1D-Hauffman,2D-RLE,2D-Hauffman,1D-gzip,Name,,,,Product Type,MA
Natural,1.361728,3.204663,3.172603,2.264818,2.485721,3.058426,Folic Acid,,,,Natural,1.361728
Industrial,1.041393,2.83123,2.783904,1.792392,2.245513,2.80618,3-(3-Methoxyphenyl)thiomorpholine,,,,Industrial,1.041393
Pharmaceutical,1.255273,2.966611,2.928396,2.079181,2.372912,2.90309,Prochloraz,,,,Pharmaceutical,1.255273
Pharmaceutical,1.278754,3.043755,3,2.025306,2.322219,2.944483,Necrostatin-7,,,,Pharmaceutical,1.278754
Pharmaceutical,1.361728,3.172019,3.130977,2.20412,2.431364,3.033424,Azetreonam,,,,Pharmaceutical,1.361728
Industrial,0.954243,2.767898,2.741939,1.857332,2.283301,2.778151,CDS021753,,,,Industrial,0.954243
Pharmaceutical,0.954243,2.710963,2.673942,1.681241,2.060698,2.760422,Sulfanilamide,,,,Pharmaceutical,0.954243
Industrial,1.230449,3.016197,2.978637,2.170262,2.434569,2.920123,"LY-171,883",,,,Industrial,1.230449
Industrial,1.342423,3.084219,3.046105,2.139879,2.445604,2.963788,Oxasulfuron,,,,Industrial,1.342423
Pharmaceutical,1.342423,3.11059,3.067443,2.274158,2.544068,2.985875,Paliperidone,,,,Pharmaceutical,1.342423
Industrial,1.361728,3.225826,3.181844,2.296665,2.574031,3.064458,"(3?,9S)-6'-Methoxy-10,11-dihydrocinchonan-9-yl 4-chlorobenzoate",,,,Industrial,1.361728
Industrial,1.342423,3.11059,3.073352,2.235528,2.462398,2.978637,Cyclosulfamuron,,,,Industrial,1.342423
Pharmaceutical,1.113943,2.897627,2.857332,1.924279,2.184691,2.862131,Hydrochlorothiazide,,,,Pharmaceutical,1.113943
Industrial,1.30103,3.077004,3.039811,2.053078,2.426511,2.948413,Bay,,,,Industrial,1.30103
Pharmaceutical,1.113943,2.758912,2.722634,1.792392,2.130334,2.789581,5-Amino-1-(3-chlorophenyl)-1H-pyrazole-4-carbonitrile,,,,Pharmaceutical,1.113943
Pharmaceutical,1.176091,2.953276,2.915927,1.908485,2.30963,2.894316,Minoxidil sulfate salt,,,,Pharmaceutical,1.176091
Industrial,1.230449,3.114611,3.082067,2.103804,2.469822,2.992995,FMOC Leucine,,,,Industrial,1.230449
Natural,0.90309,2.737193,2.722634,1.591065,2.079181,2.789581,Methionine,,,,Natural,0.90309
Pharmaceutical,1.176091,2.979548,2.952308,2.082785,2.392697,2.885361,Rolipram,,,,Pharmaceutical,1.176091
Pharmaceutical,1.176091,2.941511,2.907411,2.041393,2.30963,2.876218,Fluconazole,,,,Pharmaceutical,1.176091
Metabolite,1.113943,2.983175,2.956168,1.857332,2.271842,2.928396,Thymidine,,,,Metabolite,1.113943
Natural,1,2.836324,2.822168,1.944483,2.198657,2.85248,Arginine,,,,Natural,1
Industrial,1.113943,2.888741,2.85248,1.672098,2.394452,2.832509,N-(4-Methoxybenzylidene)-4-butylaniline (MBBA),,,,Industrial,1.113943
Pharmaceutical,1.414973,3.130334,3.101747,2.313867,2.577492,2.996512,Sildenafil,,,,Pharmaceutical,1.414973
Industrial,0.954243,2.782473,2.766413,1.819544,2.082785,1.892095,5-Aminoisophthalic acid,,,,Industrial,0.954243
Pharmaceutical,1.20412,3.131619,3.09899,2.235528,2.082785,2.209515,Domperidone,,,,Pharmaceutical,1.20412
Pharmaceutical,1.30103,3.040602,3.006894,2.079181,2.392697,2.120574,"SCH-58261 (7-(2-phenylethyl)-5-amino-2-(2-furyl)-pyrazolo-[4,3-e]-1,2,4-triazolo[1,5-c]pyrimidine)",,,,Pharmaceutical,1.30103
Pharmaceutical,1.278754,2.966611,2.936514,1.892095,2.382017,2.898725,Tenoxican,,,,Pharmaceutical,1.278754
Pharmaceutical,1.255273,3.119915,3.090611,2.004321,2.478566,2.992995,(2S)-2-[(tert-Butoxycarbonyl)amino]-6-[(3-pyridinylcarbonyl)amino]hexanoic acid,,,,Pharmaceutical,1.255273
Industrial,0.69897,2.558709,2.536558,1.716003,2.158362,,1-(2-Aminoethyl)piperazine,,,,Industrial,0.69897
Pharmaceutical,1.255273,3.066699,3.046105,2.245513,2.478566,2.959995,"1-ethyl-7-{3-[(ethylamino)methyl]-1-pyrrolidinyl}-6,8-difluoro-4-oxo-1,4-dihydro-3-quinolinecarboxylic acid",,,,Pharmaceutical,1.255273
Industrial,1.041393,2.983175,2.956168,2,2.260071,2.885361,"1,1'-(Methylenedi-4,1-phenylene)bismaleimide",,,,Industrial,1.041393
Industrial,1.20412,2.872739,2.862131,2,2.225309,2.842609,"1,3-Nitropyridine",,,,Industrial,1.20412
Industrial,1.255273,2.943495,2.920123,2.0086,2.401401,2.876218,"1,3,3-Trimethylindolino-6'-nitrobenzo-pyrylospiran",,,,Industrial,1.255273
Industrial,1.041393,2.761928,2.741939,1.832509,2.103804,2.778151,2-(2-Thienyl)isonicotinic acid,,,,Industrial,1.041393
Industrial,1.146128,2.893207,2.866878,1.944483,2.274158,2.837588,2-(5-Methyl-2-thienyl)-4-quinolinecarboxylic acid,,,,Industrial,1.146128
Industrial,1.079181,2.62941,2.619093,1.763428,2.012837,2.702431,2-Hydroxy-5-nitrobenzaldehyde,,,,Industrial,1.079181
Metabolite,1.230449,3.071145,3.049218,2,2.338456,2.971276,2?-Deoxyadenosine 5?-monophosphate,,,,Metabolite,1.230449
Metabolite,1.20412,2.962843,2.936514,2.120574,2.385606,2.889862,"3-(1,1-Dioxido-4-thiomorpholinyl)-3-(4-methoxyphenyl)propanoic acid",,,,Metabolite,1.20412
Industrial,0.90309,2.796574,2.748188,1.792392,2.225309,2.789581,"4,4'-Diaminobenzene",,,,Industrial,0.90309
Industrial,1.079181,3.007748,2.978637,2.303196,2.592177,2.907411,"4,4',4""-Tri-tert-Butyl-2,2':6',2""-terpyridine",,,,Industrial,1.079181
Industrial,1.255273,3.022841,2.978637,2.08636,2.359835,2.928396,"5-[3-(4-Fluorophenyl)-1-phenyl-1H-pyrazol-4-yl]-2,4-imidazolidinedione( 5-(1,3-diaryl-1H-pyrazol-4-yl)hydantoin, 5-[3-(4-fluorophenyl)-1-phenyl-1H-pyrazol-4-yl]-2,4-imidazolidinedione)",,,,Industrial,1.255273
Industrial,1.342423,3.246006,3.20412,2.214844,2.434569,3.09899,"8-(4-Chlorophenylthio)adenosine 3?,5?-cyclic monophosphate sodium salt",,,,Industrial,1.342423
Metabolite,0.845098,2.810233,2.783904,1.579784,2.041393,2.811575,AconticAcid,,,,Metabolite,0.845098
Metabolite,1.113943,3.037426,3,1.963788,2.290035,2.120574,Adenosine,,,,Metabolite,1.113943
Pharmaceutical,1.255273,3.158965,3.125806,2.158362,2.416641,3.049218,Ampilicilin_Na_Salt,,,,Pharmaceutical,1.255273
Natural,0.845098,2.752816,2.716003,1.748188,2.025306,2.795185,Asparagine,,,,Natural,0.845098
Industrial,1.230449,2.953276,2.898725,2.064458,2.367356,2.866878,CDS014803,,,,Industrial,1.230449
Industrial,1.20412,2.826075,2.789581,1.832509,2.193125,2.816904,CDS016302,,,,Industrial,1.20412
Pharmaceutical,1.361728,3.173186,3.128399,2.20412,2.44248,3.033424,Cefpodoxime,,,,Pharmaceutical,1.361728
Pharmaceutical,1.431364,3.238046,3.190892,2.245513,2.49693,3.076276,Ceftiofur,,,,Pharmaceutical,1.431364
Pharmaceutical,1.041393,2.758912,2.702431,1.832509,2.127105,2.778151,Chlorquinaldol,,,,Pharmaceutical,1.041393
Pharmaceutical,1.146128,3.053078,2.992995,2.209515,2.536558,2.924279,Cinnarizine,,,,Pharmaceutical,1.146128
Natural,0.778151,2.672098,2.643453,1.579784,2.631444,2.748188,Cysteine,,,,Natural,0.778151
Natural,1.113943,2.984977,2.944483,2.056905,2.296665,2.920123,D + Biotin,,,,Natural,1.113943
Pharmaceutical,1.20412,2.972203,2.940516,2.100371,2.33646,2.907411,Flubendazole,,,,Pharmaceutical,1.20412
Industrial,1.176091,3.054613,3.026942,2.08636,2.394452,2.956168,Fmoc L-Alanine,,,,Industrial,1.176091
Industrial,1.255273,2.977724,2.932474,2.071882,2.396199,2.885361,Fmoc Nhydroxysuccinimide ester,,,,Industrial,1.255273
Industrial,1.230449,3.048442,3.0103,2.181844,2.474216,2.940516,IM12,,,,Industrial,1.230449
Pharmaceutical,1.361728,3.190332,3.15351,2.25042,2.585461,3.042969,Ketoconazole,,,,Pharmaceutical,1.361728
Metabolite,0.778151,2.660865,2.635484,1.763428,1.991226,2.70927,KetoglutaricAcid,,,,Metabolite,0.778151
Natural,0.845098,2.755875,2.735599,1.832509,2.161368,2.800717,Lysine,,,,Natural,0.845098
Pharmaceutical,1.146128,2.953276,2.920123,1.812913,2.372912,2.898725,Methylene Blue,,,,Pharmaceutical,1.146128
Pharmaceutical,1.322219,3.012837,2.971276,2.149219,2.416641,2.90309,Necrostatin-5,,,,Pharmaceutical,1.322219
Metabolite,0.778151,2.608526,2.593286,1.662758,1.908485,2.681241,OxaloaceticAcid,,,,Metabolite,0.778151
Natural,1,2.802089,2.789581,1.681241,2.152288,2.822168,Phenylalanine,,,,Natural,1
Pharmaceutical,1.322219,3.065206,3.030195,2.255273,2.502427,2.948413,Pirenperone,,,,Pharmaceutical,1.322219
Natural,0.90309,2.617,2.593286,1.568202,2.012837,2.68842,Proline,,,,Natural,0.90309
Metabolite,1.20412,2.856124,2.822168,1.880814,2.1959,2.822168,PyrimidinAceticAcid,,,,Metabolite,1.20412
Industrial,1.146128,2.895423,2.857332,1.982271,2.285557,2.827369,Quinoline Yellow,,,,Industrial,1.146128
Natural,0.69897,2.660865,2.651278,1.579784,1.934498,2.741939,Serine,,,,Natural,0.69897
Metabolite,1.041393,2.860937,2.837588,1.973128,2.232996,2.827369,SinnapinicAcid,,,,Metabolite,1.041393
Metabolite,0.69897,2.604226,2.60206,1.69897,1.944483,2.673942,SuccinicAcid,,,,Metabolite,0.69897
Industrial,1.146128,2.951338,2.924279,1.799341,2.382017,2.907411,Thioflavin T,,,,Industrial,1.146128
Natural,0.778151,2.621176,2.627366,1.778151,2.017033,2.716003,Threonine,,,,Natural,0.778151
Industrial,1.113943,2.856124,2.832509,2.093422,2.424882,2.822168,Triethoxy-3-(2-imidazolin-1-yl)propylsilane,,,,Industrial,1.113943
Natural,1.079181,2.910624,2.871573,1.880814,2.217484,2.876218,Tryptophan,,,,Natural,1.079181
Natural,1,2.833784,2.80618,1.681241,2.167317,2.837588,Tyrosine,,,,Natural,1
Industrial,1.113943,2.812913,2.772322,1.982271,2.245513,2.789581,6-[4-(Methylsulfonyl)phenyl]-2-pyridinecarboxaldehyde,,,,Industrial,1.113943
Natural,1.113943,2.899821,2.862131,1.832509,2.176091,2.842609,Kinetin,,,,Natural,1.113943
Industrial,1.146128,2.923244,2.889862,2.056905,2.311754,2.85248,5-(2-Oxo-2-phenylethoxy)-1(2H)-isoquinolinone,,,,Industrial,1.146128
Natural,1.30103,3.024486,2.978637,2.139879,2.372912,2.928396,CITCO,,,,Natural,1.30103
Pharmaceutical,1.361728,3.063709,3.026942,2.120574,2.414973,2.963788,SR1001,,,,Pharmaceutical,1.361728
Pharmaceutical,1.079181,3.059185,3.020361,2.235528,2.463893,2.963788,Dienogest,,,,Pharmaceutical,1.079181
Pharmaceutical,1.146128,2.838849,2.795185,1.982271,2.278754,2.816904,7-(2-HYDROXYPROPYL)THEOPHYLLINE,,,,Pharmaceutical,1.146128
Industrial,1.39794,3.115943,3.073352,2.161368,2.491362,2.98945,"5-(5,6-dimethoxy-1H-benzimidazol-1-yl)-3-((2-(trifluoromethyl)benzyl)oxy)thiophene-2-carboxamide",,,,Industrial,1.39794
Pharmaceutical,1.176091,2.972203,2.936514,2.079181,2.409933,2.889862,Clozapine,,,,Pharmaceutical,1.176091
Pharmaceutical,1.146128,3.085647,3.042969,2.421604,2.661813,2.959995,Dipyridamole,,,,Pharmaceutical,1.146128
Pharmaceutical,1.361728,3.200303,3.163161,2.170262,2.437751,3.061452,Cefixime CDS 021590,,,,Pharmaceutical,1.361728
Industrial,1.361728,3.084219,3.036629,2.017033,2.448706,2.952308,"4-{[(E)-(7-Oxo-6,7-dihydro-8H-[1,3]thiazolo[5,4-e]indol-8-ylidene)methyl]amino}-N-(2-pyridinyl)benzenesulfonamide",,,,Industrial,1.361728
Pharmaceutical,1.278754,3.129045,3.096215,2.079181,2.453318,3.0103,Capecitabine,,,,Pharmaceutical,1.278754
Pharmaceutical,1.20412,2.870404,2.837588,1.880814,2.230449,2.85248,leflunomide,,,,Pharmaceutical,1.20412
Industrial,1.230449,3.056142,3.023664,2.338456,2.5302,2.944483,"(6-[1-(3,5,5,8,8-Pentamethyl-5,6,7,8-tetrahydro-2-naphthalenyl)cyclopropyl]nicotinic acid)",,,,Industrial,1.230449
Metabolite,1.113943,2.992111,2.959995,1.954243,2.262451,2.924279,Cytidine,,,,Metabolite,1.113943
Pharmaceutical,1.255273,3.105169,3.076276,2.09691,2.396199,2.992995,Cefalexin,,,,Pharmaceutical,1.255273
Industrial,1.380211,3.089905,3.052309,2.181844,2.416641,2.974972,Primisulfuron-methyl,,,,Industrial,1.380211
Natural,0.60206,2.480007,2.447158,0.477121,1.60206,2.60206,Glycine,,,,Natural,0.60206
Natural,0.778151,2.649335,2.61066,1.556303,1.913814,2.729165,Alanine,,,,Natural,0.778151
Metabolite,0.60206,2.528917,2.471292,1.380211,1.763428,2.627366,Pyruvate,,,,Metabolite,0.60206
,,,,,,,,,,,,
,,,,,,,,,,,,
,,,,,,,Block Size,,,,,
,,,,,,,2,,,,,
,,,,,,,,,,,,
,,,,,,,Thresholds,,,,,
,,,,,,,-1,,,,,
,,,,,,,0,,,,,
,,,,,,,1,,,,,
,,,,,,,3,,,,,
,,,,,,,5,,,,,
